{
   "orders" : {
      "DAca23-2974" : {
         "clientemail" : "denohpakni@yahoo.com",
         "sequencing" : {
            "1" : {
               "HiSeq" : "2023-09-04 15:00:38"
            }
         },
         "orderdatetime" : "2023-08-22 13:03:45",
         "clientname" : "Mr. Muiruri Mwangi",
         "productname" : "Acacia DArTseq (1.0)"
      }
   },
   "errormsg" : "OK",
   "error" : 0,
   "datafiles" : {
      "Report_DAca23-2974_SilicoDArT_1.csv" : {
         "filetype" : "SilicoDArT",
         "exportdetails" : {
            "metacolsdetails" : {
               "Reproducibility" : "The proportion of technical replicate assay pairs for which the marker score is consistent",
               "Qpmr" : "The average of the normalized non-zero tag read counts divided by the standard deviation of the normalized non-zero tag read counts (If standard deviation is zero or near zero, the Qpmr value will be 100).",
               "PIC" : "Polymorphism Information Content",
               "CallRate" : "The proportion of samples for which the genotype call is either \"1\" or \"0\", rather than \"-\" ",
               "OneRatio" : "The proportion of samples for which the genotype score is \"1\" ",
               "AvgReadDepth" : "The sum of the tag read counts for all samples, divided by the number of samples with non-zero tag read counts.",
               "AlleleSequence" : "The sequence of the tag which is present in samples with genotype score \"1\"",
               "TrimmedSequence" : "Same as the full sequence, but with removed adapters in short marker tags",
               "CloneID" : "Unique identifier of the sequence tag",
               "StDevReadDepth" : "The standard deviation of the number of tag reads for all samples with non-zero tag read counts"
            },
            "headerrowsnumber" : 6,
            "lastdatacol" : 27,
            "notdescribedmetacolumns" : 0,
            "idcolposition" : 1,
            "firstdatacol" : 15,
            "alncoldetails" : {
               "Chrom_" : "Contig(s) with the best alignment of marker / tag to an existing model genome",
               "AlnEvalue_" : "E value of the best alignment to an existing model genome",
               "ChromPos_" : "Position(s) on contig(s) with the best alignment of marker / tag to an existing model genome",
               "AlnCnt_" : "Total count of aligning markers / tags with selection criteria described below"
            },
            "metacolspositions" : [
               2,
               3,
               4,
               5,
               6,
               7,
               8,
               9,
               10,
               11,
               12,
               13,
               14
            ],
            "headerrowsdescr" : {
               "6" : "genotype name",
               "4" : "well column position",
               "1" : "DArT plate barcode",
               "3" : "well row position",
               "0" : "Order number where sample belongs to - important for multi-orders reports",
               "2" : "client plate barcode"
            },
            "modelreferences" : {
               "nt" : ""
            }
         },
         "description" : "SilicoDArT Format: SilicoDArTs are scored in a binary fashion, representing genetically \"dominant\" markers, with \"1\"=Presence and \"0\"=Absence of a restriction fragment with the marker sequence in genomic representation of the sample. \"-\" represents calls with non-zero counts, but too low counts to score confidently as \"1\" (often representing heterozygotes)",
         "exportsnp" : {},
         "sampleheaders" : {
            "notreportedsamples" : {
               "778132" : [
                  "DAca23-2974",
                  "1",
                  "D",
                  "12",
                  "Blank"
               ],
               "778123" : [
                  "DAca23-2974",
                  "1",
                  "C",
                  "11",
                  "Blank"
               ],
               "778056" : [
                  "DAca23-2974",
                  "1",
                  "H",
                  "2",
                  "Blank"
               ],
               "778055" : [
                  "DAca23-2974",
                  "1",
                  "G",
                  "2",
                  "Blank"
               ],
               "778101" : [
                  "DAca23-2974",
                  "1",
                  "E",
                  "8",
                  "Blank"
               ],
               "778090" : [
                  "DAca23-2974",
                  "1",
                  "B",
                  "7",
                  "Blank"
               ],
               "778112" : [
                  "DAca23-2974",
                  "1",
                  "H",
                  "9",
                  "Blank"
               ],
               "778097" : [
                  "DAca23-2974",
                  "1",
                  "A",
                  "8",
                  "Blank"
               ],
               "778133" : [
                  "DAca23-2974",
                  "1",
                  "E",
                  "12",
                  "Blank"
               ],
               "778066" : [
                  "DAca23-2974",
                  "1",
                  "B",
                  "4",
                  "Blank"
               ],
               "778098" : [
                  "DAca23-2974",
                  "1",
                  "B",
                  "8",
                  "Blank"
               ],
               "778108" : [
                  "DAca23-2974",
                  "1",
                  "D",
                  "9",
                  "Blank"
               ],
               "778059" : [
                  "DAca23-2974",
                  "1",
                  "C",
                  "3",
                  "Blank"
               ],
               "778058" : [
                  "DAca23-2974",
                  "1",
                  "B",
                  "3",
                  "Blank"
               ],
               "778131" : [
                  "DAca23-2974",
                  "1",
                  "C",
                  "12",
                  "Blank"
               ],
               "778120" : [
                  "DAca23-2974",
                  "1",
                  "H",
                  "10",
                  "Blank"
               ],
               "778130" : [
                  "DAca23-2974",
                  "1",
                  "B",
                  "12",
                  "Blank"
               ],
               "778122" : [
                  "DAca23-2974",
                  "1",
                  "B",
                  "11",
                  "Blank"
               ],
               "778084" : [
                  "DAca23-2974",
                  "1",
                  "D",
                  "6",
                  "Blank"
               ],
               "778100" : [
                  "DAca23-2974",
                  "1",
                  "D",
                  "8",
                  "Blank"
               ],
               "778082" : [
                  "DAca23-2974",
                  "1",
                  "B",
                  "6",
                  "Blank"
               ],
               "778127" : [
                  "DAca23-2974",
                  "1",
                  "G",
                  "11",
                  "Blank"
               ],
               "778117" : [
                  "DAca23-2974",
                  "1",
                  "E",
                  "10",
                  "Blank"
               ],
               "778094" : [
                  "DAca23-2974",
                  "1",
                  "F",
                  "7",
                  "Blank"
               ],
               "778078" : [
                  "DAca23-2974",
                  "1",
                  "F",
                  "5",
                  "Blank"
               ],
               "778102" : [
                  "DAca23-2974",
                  "1",
                  "F",
                  "8",
                  "Blank"
               ],
               "778060" : [
                  "DAca23-2974",
                  "1",
                  "D",
                  "3",
                  "Blank"
               ],
               "778118" : [
                  "DAca23-2974",
                  "1",
                  "F",
                  "10",
                  "Blank"
               ],
               "778099" : [
                  "DAca23-2974",
                  "1",
                  "C",
                  "8",
                  "Blank"
               ],
               "778095" : [
                  "DAca23-2974",
                  "1",
                  "G",
                  "7",
                  "Blank"
               ],
               "778093" : [
                  "DAca23-2974",
                  "1",
                  "E",
                  "7",
                  "Blank"
               ],
               "778049" : [
                  "DAca23-2974",
                  "1",
                  "A",
                  "2",
                  "Blank"
               ],
               "778077" : [
                  "DAca23-2974",
                  "1",
                  "E",
                  "5",
                  "Blank"
               ],
               "778074" : [
                  "DAca23-2974",
                  "1",
                  "B",
                  "5",
                  "Blank"
               ],
               "778051" : [
                  "DAca23-2974",
                  "1",
                  "C",
                  "2",
                  "Blank"
               ],
               "778105" : [
                  "DAca23-2974",
                  "1",
                  "A",
                  "9",
                  "Blank"
               ],
               "778096" : [
                  "DAca23-2974",
                  "1",
                  "H",
                  "7",
                  "Blank"
               ],
               "778119" : [
                  "DAca23-2974",
                  "1",
                  "G",
                  "10",
                  "Blank"
               ],
               "778113" : [
                  "DAca23-2974",
                  "1",
                  "A",
                  "10",
                  "Blank"
               ],
               "778109" : [
                  "DAca23-2974",
                  "1",
                  "E",
                  "9",
                  "Blank"
               ],
               "778061" : [
                  "DAca23-2974",
                  "1",
                  "E",
                  "3",
                  "Blank"
               ],
               "778067" : [
                  "DAca23-2974",
                  "1",
                  "C",
                  "4",
                  "Blank"
               ],
               "778106" : [
                  "DAca23-2974",
                  "1",
                  "B",
                  "9",
                  "Blank"
               ],
               "778085" : [
                  "DAca23-2974",
                  "1",
                  "E",
                  "6",
                  "Blank"
               ],
               "778124" : [
                  "DAca23-2974",
                  "1",
                  "D",
                  "11",
                  "Blank"
               ],
               "778063" : [
                  "DAca23-2974",
                  "1",
                  "G",
                  "3",
                  "Blank"
               ],
               "778076" : [
                  "DAca23-2974",
                  "1",
                  "D",
                  "5",
                  "Blank"
               ],
               "778110" : [
                  "DAca23-2974",
                  "1",
                  "F",
                  "9",
                  "Blank"
               ],
               "778071" : [
                  "DAca23-2974",
                  "1",
                  "G",
                  "4",
                  "Blank"
               ],
               "778054" : [
                  "DAca23-2974",
                  "1",
                  "F",
                  "2",
                  "Blank"
               ],
               "778088" : [
                  "DAca23-2974",
                  "1",
                  "H",
                  "6",
                  "Blank"
               ],
               "778048" : [
                  "DAca23-2974",
                  "1",
                  "H",
                  "1",
                  "Blank"
               ],
               "778062" : [
                  "DAca23-2974",
                  "1",
                  "F",
                  "3",
                  "Blank"
               ],
               "778087" : [
                  "DAca23-2974",
                  "1",
                  "G",
                  "6",
                  "Blank"
               ],
               "778072" : [
                  "DAca23-2974",
                  "1",
                  "H",
                  "4",
                  "Blank"
               ],
               "778046" : [
                  "DAca23-2974",
                  "1",
                  "F",
                  "1",
                  "SAK3"
               ],
               "778134" : [
                  "DAca23-2974",
                  "1",
                  "F",
                  "12",
                  "Blank"
               ],
               "778068" : [
                  "DAca23-2974",
                  "1",
                  "D",
                  "4",
                  "Blank"
               ],
               "778089" : [
                  "DAca23-2974",
                  "1",
                  "A",
                  "7",
                  "Blank"
               ],
               "778092" : [
                  "DAca23-2974",
                  "1",
                  "D",
                  "7",
                  "Blank"
               ],
               "778069" : [
                  "DAca23-2974",
                  "1",
                  "E",
                  "4",
                  "Blank"
               ],
               "778128" : [
                  "DAca23-2974",
                  "1",
                  "H",
                  "11",
                  "Blank"
               ],
               "778116" : [
                  "DAca23-2974",
                  "1",
                  "D",
                  "10",
                  "Blank"
               ],
               "778079" : [
                  "DAca23-2974",
                  "1",
                  "G",
                  "5",
                  "Blank"
               ],
               "778083" : [
                  "DAca23-2974",
                  "1",
                  "C",
                  "6",
                  "Blank"
               ],
               "778104" : [
                  "DAca23-2974",
                  "1",
                  "H",
                  "8",
                  "Blank"
               ],
               "778126" : [
                  "DAca23-2974",
                  "1",
                  "F",
                  "11",
                  "Blank"
               ],
               "778053" : [
                  "DAca23-2974",
                  "1",
                  "E",
                  "2",
                  "Blank"
               ],
               "778075" : [
                  "DAca23-2974",
                  "1",
                  "C",
                  "5",
                  "Blank"
               ],
               "778111" : [
                  "DAca23-2974",
                  "1",
                  "G",
                  "9",
                  "Blank"
               ],
               "778125" : [
                  "DAca23-2974",
                  "1",
                  "E",
                  "11",
                  "Blank"
               ],
               "778065" : [
                  "DAca23-2974",
                  "1",
                  "A",
                  "4",
                  "Blank"
               ],
               "778073" : [
                  "DAca23-2974",
                  "1",
                  "A",
                  "5",
                  "Blank"
               ],
               "778070" : [
                  "DAca23-2974",
                  "1",
                  "F",
                  "4",
                  "Blank"
               ],
               "778081" : [
                  "DAca23-2974",
                  "1",
                  "A",
                  "6",
                  "Blank"
               ],
               "778052" : [
                  "DAca23-2974",
                  "1",
                  "D",
                  "2",
                  "Blank"
               ],
               "778114" : [
                  "DAca23-2974",
                  "1",
                  "B",
                  "10",
                  "Blank"
               ],
               "778107" : [
                  "DAca23-2974",
                  "1",
                  "C",
                  "9",
                  "Blank"
               ],
               "778080" : [
                  "DAca23-2974",
                  "1",
                  "H",
                  "5",
                  "Blank"
               ],
               "778086" : [
                  "DAca23-2974",
                  "1",
                  "F",
                  "6",
                  "Blank"
               ],
               "778115" : [
                  "DAca23-2974",
                  "1",
                  "C",
                  "10",
                  "Blank"
               ],
               "778121" : [
                  "DAca23-2974",
                  "1",
                  "A",
                  "11",
                  "Blank"
               ],
               "778129" : [
                  "DAca23-2974",
                  "1",
                  "A",
                  "12",
                  "Blank"
               ],
               "778057" : [
                  "DAca23-2974",
                  "1",
                  "A",
                  "3",
                  "Blank"
               ],
               "778091" : [
                  "DAca23-2974",
                  "1",
                  "C",
                  "7",
                  "Blank"
               ],
               "778064" : [
                  "DAca23-2974",
                  "1",
                  "H",
                  "3",
                  "Blank"
               ],
               "778103" : [
                  "DAca23-2974",
                  "1",
                  "G",
                  "8",
                  "Blank"
               ],
               "778050" : [
                  "DAca23-2974",
                  "1",
                  "B",
                  "2",
                  "Blank"
               ]
            },
            "headers" : {
               "910523234001_G_1" : [
                  "910523234001",
                  "1",
                  "G",
                  "1",
                  "SAK4",
                  "Acacia",
                  "778047",
                  "Bark",
                  "2901"
               ],
               "910523234001_B_1" : [
                  "910523234001",
                  "1",
                  "B",
                  "1",
                  "SBK2",
                  "Acacia",
                  "778042",
                  "leaves",
                  "2901"
               ],
               "910523234001_A_1" : [
                  "910523234001",
                  "1",
                  "A",
                  "1",
                  "SBK1",
                  "Acacia",
                  "778041",
                  "leaves",
                  "2901"
               ],
               "910523234001_E_1" : [
                  "910523234001",
                  "1",
                  "E",
                  "1",
                  "SAK2",
                  "Acacia",
                  "778045",
                  "Bark",
                  "2901"
               ],
               "910523234001_C_1" : [
                  "910523234001",
                  "1",
                  "C",
                  "1",
                  "SBK3",
                  "Acacia",
                  "778043",
                  "leaves",
                  "2901"
               ],
               "910523234001_D_1" : [
                  "910523234001",
                  "1",
                  "D",
                  "1",
                  "SAK1",
                  "Acacia",
                  "778044",
                  "leaves",
                  "2901"
               ]
            },
            "outsideordersamples" : {},
            "multigenotypesamples" : {}
         }
      },
      "Report_DAca23-2974_SNP_2.csv" : {
         "filetype" : "SNP",
         "exportdetails" : {
            "metacolsdetails" : {
               "SNP" : "In 2 rows format: this column is blank in the Reference row, and contains the base position and base variant details in the SNP row. In 1 row format: contains the base position and base variant details",
               "FreqHomSnp" : "The proportion of samples which score as homozygous for the SNP allele",
               "CallRate" : "The proportion of samples for which the genotype call is either \"1\" or \"0\", rather than \"-\" ",
               "AlleleSequence" : "In 1 row format: the sequence of the Reference allele. In 2 rows format: the sequence of the Reference allele is in the Ref row, the sequence of the SNP allele in the SNP row",
               "TrimmedSequence" : "Same as the full sequence, but with removed adapters in short marker tags",
               "OneRatioRef" : "The proportion of samples for which the genotype score is \"1\", in the Reference allele row",
               "AvgCountRef" : "The sum of the tag read counts for all samples, divided by the number of samples with non-zero tag read counts, for the Reference allele row",
               "FreqHets" : "The proportion of samples which score as heterozygous.",
               "AvgCountSnp" : "The sum of the tag read counts for all samples, divided by the number of samples with non-zero tag read counts, for the SNP allele row",
               "AlleleID" : "Unique identifier for the sequence in which the SNP marker occurs",
               "AvgPIC" : "The average of the polymorphism information content (PIC) of the Reference and SNP allele rows",
               "RepAvg" : "The proportion of technical replicate assay pairs for which the marker score is consistent",
               "FreqHomRef" : "The proportion of samples which score as homozygous for the Reference allele",
               "PICSnp" : "The polymorphism information content (PIC) for the SNP allele row",
               "PICRef" : "The polymorphism information content (PIC) for the Reference allele row",
               "SnpPosition" : "The position (zero indexed) in the sequence tag at which the defined SNP variant base occurs",
               "OneRatioSnp" : "The proportion of samples for which the genotype score is \"1\", in the SNP allele row"
            },
            "headerrowsnumber" : 6,
            "lastdatacol" : 44,
            "notdescribedmetacolumns" : 0,
            "idcolposition" : 1,
            "firstdatacol" : 22,
            "alncoldetails" : {
               "Chrom_" : "Contig(s) with the best alignment of marker / tag to an existing model genome",
               "AlnEvalue_" : "E value of the best alignment to an existing model genome",
               "ChromPos_" : "Position(s) on contig(s) with the best alignment of marker / tag to an existing model genome",
               "AlnCnt_" : "Total count of aligning markers / tags with selection criteria described below"
            },
            "metacolspositions" : [
               "2",
               "3",
               "4",
               "5",
               "6",
               "7",
               "8",
               "9",
               "10",
               "11",
               "12",
               "13",
               "14",
               "15",
               "16",
               "17",
               "18",
               "19",
               "20",
               "21"
            ],
            "headerrowsdescr" : {
               "6" : "genotype name",
               "4" : "well column position",
               "1" : "DArT plate barcode",
               "3" : "well row position",
               "0" : "Order number where sample belongs to - important for multi-orders reports",
               "2" : "client plate barcode"
            },
            "modelreferences" : {
               "nt" : ""
            }
         },
         "description" : "SNP 2 Rows Format: Each allele scored in a binary fashion (\"1\"=Presence and \"0\"=Absence). Heterozygotes are therefore scored as 1/1 (presence for both alleles/both rows)",
         "exportsnp" : {
            "filename" : "Report_DAca23-2974_SNP_singlerow_2.csv",
            "type" : "mapping",
            "description" : "SNP 1 Row Mapping Format: \"0\" = Reference allele homozygote, \"1\" = SNP allele homozygote, \"2\"= heterozygote and \"-\" = double null/null allele homozygote (absence of fragment with SNP in genomic representation)"
         },
         "sampleheaders" : {
            "notreportedsamples" : {
               "778132" : [
                  "DAca23-2974",
                  "1",
                  "D",
                  "12",
                  "Blank"
               ],
               "778123" : [
                  "DAca23-2974",
                  "1",
                  "C",
                  "11",
                  "Blank"
               ],
               "778056" : [
                  "DAca23-2974",
                  "1",
                  "H",
                  "2",
                  "Blank"
               ],
               "778055" : [
                  "DAca23-2974",
                  "1",
                  "G",
                  "2",
                  "Blank"
               ],
               "778101" : [
                  "DAca23-2974",
                  "1",
                  "E",
                  "8",
                  "Blank"
               ],
               "778090" : [
                  "DAca23-2974",
                  "1",
                  "B",
                  "7",
                  "Blank"
               ],
               "778112" : [
                  "DAca23-2974",
                  "1",
                  "H",
                  "9",
                  "Blank"
               ],
               "778097" : [
                  "DAca23-2974",
                  "1",
                  "A",
                  "8",
                  "Blank"
               ],
               "778133" : [
                  "DAca23-2974",
                  "1",
                  "E",
                  "12",
                  "Blank"
               ],
               "778066" : [
                  "DAca23-2974",
                  "1",
                  "B",
                  "4",
                  "Blank"
               ],
               "778098" : [
                  "DAca23-2974",
                  "1",
                  "B",
                  "8",
                  "Blank"
               ],
               "778108" : [
                  "DAca23-2974",
                  "1",
                  "D",
                  "9",
                  "Blank"
               ],
               "778059" : [
                  "DAca23-2974",
                  "1",
                  "C",
                  "3",
                  "Blank"
               ],
               "778058" : [
                  "DAca23-2974",
                  "1",
                  "B",
                  "3",
                  "Blank"
               ],
               "778131" : [
                  "DAca23-2974",
                  "1",
                  "C",
                  "12",
                  "Blank"
               ],
               "778120" : [
                  "DAca23-2974",
                  "1",
                  "H",
                  "10",
                  "Blank"
               ],
               "778130" : [
                  "DAca23-2974",
                  "1",
                  "B",
                  "12",
                  "Blank"
               ],
               "778122" : [
                  "DAca23-2974",
                  "1",
                  "B",
                  "11",
                  "Blank"
               ],
               "778084" : [
                  "DAca23-2974",
                  "1",
                  "D",
                  "6",
                  "Blank"
               ],
               "778100" : [
                  "DAca23-2974",
                  "1",
                  "D",
                  "8",
                  "Blank"
               ],
               "778082" : [
                  "DAca23-2974",
                  "1",
                  "B",
                  "6",
                  "Blank"
               ],
               "778127" : [
                  "DAca23-2974",
                  "1",
                  "G",
                  "11",
                  "Blank"
               ],
               "778117" : [
                  "DAca23-2974",
                  "1",
                  "E",
                  "10",
                  "Blank"
               ],
               "778094" : [
                  "DAca23-2974",
                  "1",
                  "F",
                  "7",
                  "Blank"
               ],
               "778078" : [
                  "DAca23-2974",
                  "1",
                  "F",
                  "5",
                  "Blank"
               ],
               "778102" : [
                  "DAca23-2974",
                  "1",
                  "F",
                  "8",
                  "Blank"
               ],
               "778060" : [
                  "DAca23-2974",
                  "1",
                  "D",
                  "3",
                  "Blank"
               ],
               "778118" : [
                  "DAca23-2974",
                  "1",
                  "F",
                  "10",
                  "Blank"
               ],
               "778099" : [
                  "DAca23-2974",
                  "1",
                  "C",
                  "8",
                  "Blank"
               ],
               "778095" : [
                  "DAca23-2974",
                  "1",
                  "G",
                  "7",
                  "Blank"
               ],
               "778093" : [
                  "DAca23-2974",
                  "1",
                  "E",
                  "7",
                  "Blank"
               ],
               "778049" : [
                  "DAca23-2974",
                  "1",
                  "A",
                  "2",
                  "Blank"
               ],
               "778077" : [
                  "DAca23-2974",
                  "1",
                  "E",
                  "5",
                  "Blank"
               ],
               "778074" : [
                  "DAca23-2974",
                  "1",
                  "B",
                  "5",
                  "Blank"
               ],
               "778051" : [
                  "DAca23-2974",
                  "1",
                  "C",
                  "2",
                  "Blank"
               ],
               "778105" : [
                  "DAca23-2974",
                  "1",
                  "A",
                  "9",
                  "Blank"
               ],
               "778096" : [
                  "DAca23-2974",
                  "1",
                  "H",
                  "7",
                  "Blank"
               ],
               "778119" : [
                  "DAca23-2974",
                  "1",
                  "G",
                  "10",
                  "Blank"
               ],
               "778113" : [
                  "DAca23-2974",
                  "1",
                  "A",
                  "10",
                  "Blank"
               ],
               "778109" : [
                  "DAca23-2974",
                  "1",
                  "E",
                  "9",
                  "Blank"
               ],
               "778061" : [
                  "DAca23-2974",
                  "1",
                  "E",
                  "3",
                  "Blank"
               ],
               "778067" : [
                  "DAca23-2974",
                  "1",
                  "C",
                  "4",
                  "Blank"
               ],
               "778106" : [
                  "DAca23-2974",
                  "1",
                  "B",
                  "9",
                  "Blank"
               ],
               "778085" : [
                  "DAca23-2974",
                  "1",
                  "E",
                  "6",
                  "Blank"
               ],
               "778124" : [
                  "DAca23-2974",
                  "1",
                  "D",
                  "11",
                  "Blank"
               ],
               "778063" : [
                  "DAca23-2974",
                  "1",
                  "G",
                  "3",
                  "Blank"
               ],
               "778076" : [
                  "DAca23-2974",
                  "1",
                  "D",
                  "5",
                  "Blank"
               ],
               "778110" : [
                  "DAca23-2974",
                  "1",
                  "F",
                  "9",
                  "Blank"
               ],
               "778071" : [
                  "DAca23-2974",
                  "1",
                  "G",
                  "4",
                  "Blank"
               ],
               "778054" : [
                  "DAca23-2974",
                  "1",
                  "F",
                  "2",
                  "Blank"
               ],
               "778088" : [
                  "DAca23-2974",
                  "1",
                  "H",
                  "6",
                  "Blank"
               ],
               "778048" : [
                  "DAca23-2974",
                  "1",
                  "H",
                  "1",
                  "Blank"
               ],
               "778062" : [
                  "DAca23-2974",
                  "1",
                  "F",
                  "3",
                  "Blank"
               ],
               "778087" : [
                  "DAca23-2974",
                  "1",
                  "G",
                  "6",
                  "Blank"
               ],
               "778072" : [
                  "DAca23-2974",
                  "1",
                  "H",
                  "4",
                  "Blank"
               ],
               "778046" : [
                  "DAca23-2974",
                  "1",
                  "F",
                  "1",
                  "SAK3"
               ],
               "778134" : [
                  "DAca23-2974",
                  "1",
                  "F",
                  "12",
                  "Blank"
               ],
               "778068" : [
                  "DAca23-2974",
                  "1",
                  "D",
                  "4",
                  "Blank"
               ],
               "778089" : [
                  "DAca23-2974",
                  "1",
                  "A",
                  "7",
                  "Blank"
               ],
               "778092" : [
                  "DAca23-2974",
                  "1",
                  "D",
                  "7",
                  "Blank"
               ],
               "778069" : [
                  "DAca23-2974",
                  "1",
                  "E",
                  "4",
                  "Blank"
               ],
               "778128" : [
                  "DAca23-2974",
                  "1",
                  "H",
                  "11",
                  "Blank"
               ],
               "778116" : [
                  "DAca23-2974",
                  "1",
                  "D",
                  "10",
                  "Blank"
               ],
               "778079" : [
                  "DAca23-2974",
                  "1",
                  "G",
                  "5",
                  "Blank"
               ],
               "778083" : [
                  "DAca23-2974",
                  "1",
                  "C",
                  "6",
                  "Blank"
               ],
               "778104" : [
                  "DAca23-2974",
                  "1",
                  "H",
                  "8",
                  "Blank"
               ],
               "778126" : [
                  "DAca23-2974",
                  "1",
                  "F",
                  "11",
                  "Blank"
               ],
               "778053" : [
                  "DAca23-2974",
                  "1",
                  "E",
                  "2",
                  "Blank"
               ],
               "778075" : [
                  "DAca23-2974",
                  "1",
                  "C",
                  "5",
                  "Blank"
               ],
               "778111" : [
                  "DAca23-2974",
                  "1",
                  "G",
                  "9",
                  "Blank"
               ],
               "778125" : [
                  "DAca23-2974",
                  "1",
                  "E",
                  "11",
                  "Blank"
               ],
               "778065" : [
                  "DAca23-2974",
                  "1",
                  "A",
                  "4",
                  "Blank"
               ],
               "778073" : [
                  "DAca23-2974",
                  "1",
                  "A",
                  "5",
                  "Blank"
               ],
               "778070" : [
                  "DAca23-2974",
                  "1",
                  "F",
                  "4",
                  "Blank"
               ],
               "778081" : [
                  "DAca23-2974",
                  "1",
                  "A",
                  "6",
                  "Blank"
               ],
               "778052" : [
                  "DAca23-2974",
                  "1",
                  "D",
                  "2",
                  "Blank"
               ],
               "778114" : [
                  "DAca23-2974",
                  "1",
                  "B",
                  "10",
                  "Blank"
               ],
               "778107" : [
                  "DAca23-2974",
                  "1",
                  "C",
                  "9",
                  "Blank"
               ],
               "778080" : [
                  "DAca23-2974",
                  "1",
                  "H",
                  "5",
                  "Blank"
               ],
               "778086" : [
                  "DAca23-2974",
                  "1",
                  "F",
                  "6",
                  "Blank"
               ],
               "778115" : [
                  "DAca23-2974",
                  "1",
                  "C",
                  "10",
                  "Blank"
               ],
               "778121" : [
                  "DAca23-2974",
                  "1",
                  "A",
                  "11",
                  "Blank"
               ],
               "778129" : [
                  "DAca23-2974",
                  "1",
                  "A",
                  "12",
                  "Blank"
               ],
               "778057" : [
                  "DAca23-2974",
                  "1",
                  "A",
                  "3",
                  "Blank"
               ],
               "778091" : [
                  "DAca23-2974",
                  "1",
                  "C",
                  "7",
                  "Blank"
               ],
               "778064" : [
                  "DAca23-2974",
                  "1",
                  "H",
                  "3",
                  "Blank"
               ],
               "778103" : [
                  "DAca23-2974",
                  "1",
                  "G",
                  "8",
                  "Blank"
               ],
               "778050" : [
                  "DAca23-2974",
                  "1",
                  "B",
                  "2",
                  "Blank"
               ]
            },
            "headers" : {
               "910523234001_G_1" : [
                  "910523234001",
                  "1",
                  "G",
                  "1",
                  "SAK4",
                  "Acacia",
                  "778047",
                  "Bark",
                  "2901"
               ],
               "910523234001_B_1" : [
                  "910523234001",
                  "1",
                  "B",
                  "1",
                  "SBK2",
                  "Acacia",
                  "778042",
                  "leaves",
                  "2901"
               ],
               "910523234001_A_1" : [
                  "910523234001",
                  "1",
                  "A",
                  "1",
                  "SBK1",
                  "Acacia",
                  "778041",
                  "leaves",
                  "2901"
               ],
               "910523234001_E_1" : [
                  "910523234001",
                  "1",
                  "E",
                  "1",
                  "SAK2",
                  "Acacia",
                  "778045",
                  "Bark",
                  "2901"
               ],
               "910523234001_C_1" : [
                  "910523234001",
                  "1",
                  "C",
                  "1",
                  "SBK3",
                  "Acacia",
                  "778043",
                  "leaves",
                  "2901"
               ],
               "910523234001_D_1" : [
                  "910523234001",
                  "1",
                  "D",
                  "1",
                  "SAK1",
                  "Acacia",
                  "778044",
                  "leaves",
                  "2901"
               ]
            },
            "outsideordersamples" : {},
            "multigenotypesamples" : {}
         }
      }
   },
   "company" : {
      "webpage" : "www.seqart.net",
      "namefull" : "SEQART AFRICA",
      "address" : "ILRI Campus, Old Naivasha Road\r\nP.O Box 30709\r\nNairobi, 00100, Kenya"
   }
}
